{"pitch": [-3.037733120945866, 11.16502589208665, 208.28816703539513, 47.6645086879044], "energy": [-1.3666813373565674, 8.102911949157715, 37.030630043848234, 27.075176219164586]}