{"pitch": [-4.62674106214296, 11.961593228103222, 206.52667539522503, 44.63761265679484], "energy": [-1.3778605461120605, 8.217150688171387, 36.82213246368991, 26.724136112642817]}