{"pitch": [-4.4635705687420195, 11.165056143646304, 208.28822456265277, 47.66437438916321], "energy": [-1.4202407598495483, 8.102895736694336, 37.03061000674639, 27.075234169029343]}