{"pitch": [-7.321676312187234, 14.850401360518081, 199.19469232889128, 27.621055182842877], "energy": [-1.4799717664718628, 6.10619592666626, 35.97618112892466, 25.232145057371337]}