{"pitch": [-4.49954679660989, 11.416450272828635, 208.14090740783746, 46.62769254367424], "energy": [-1.5003856420516968, 8.167198181152344, 37.68218114167755, 26.055251310312656]}