{"pitch": [-4.536740841458374, 11.393652738136097, 207.62810747969885, 46.76599730008142], "energy": [-1.490424633026123, 8.184517860412598, 37.3256588033185, 26.04367658777636]}