{"pitch": [-4.465074138316987, 11.165056143646304, 208.28822456265277, 47.66437438916321], "energy": [-1.4227405786514282, 8.102895736694336, 37.03061000674639, 27.075234169029343]}