{"pitch": [-4.537590046566425, 11.395088406742852, 207.62073434929022, 46.76075229085945], "energy": [-1.490967869758606, 8.184738159179688, 37.325451573171165, 26.043000342106186]}