{"pitch": [-2.9643833754012614, 12.229297674834976, 161.1809027584552, 54.372489097041175], "energy": [-1.2804665565490723, 6.877289295196533, 46.06381374871256, 35.97424063745683]}