{"pitch": [-3.0707995394736916, 11.109529142721922, 173.28440174965743, 56.42973418556552], "energy": [-1.1389902830123901, 11.223522186279297, 29.36690726864639, 25.783281281351243]}