{"pitch": [-3.077013276787008, 11.74346632300013, 173.1122875662881, 56.259844204198735], "energy": [-1.1638206243515015, 9.648984909057617, 29.42585455110258, 25.283840987522066]}