{"pitch": [-2.852458339277684, 9.885434513965718, 184.1370643973387, 64.55381376190999], "energy": [-0.9898219108581543, 8.800780296325684, 37.400354527351425, 37.78493453732349]}