{"pitch": [-3.0701224085332144, 11.105745542077964, 173.30070694681308, 56.447490974670764], "energy": [-1.1389397382736206, 11.220133781433105, 29.373776308493888, 25.79045732241645]}