{"pitch": [-3.074316921728069, 11.735007015627328, 173.09087991308851, 56.302223980146586], "energy": [-1.1527464389801025, 11.223873138427734, 29.687711164672884, 25.753894136763734]}