{"pitch": [-2.909689607759297, 10.494412989230966, 179.6099431666229, 61.728214132413086], "energy": [-1.0029338598251343, 9.21293830871582, 37.79056538101307, 37.680014941005226]}